,Unnamed: 0,acousticness,danceability,energy,instrumentalness,key,livenepathsss,loudness,mode,speechiness,tempo,time_signature,Unnamed: 0,title,artist,paths,emotion
0,0,0.0008820000000000001,0.6459999999999999,0.8320000000000001,0.000251,7,0.138,-7.682,1,0.0309,121.00299999999999,4,0,['One Way Street'],['Michael Learns To Rock'],/home/dhanush/Music/MusicClassify/happy/02 One Way Street.mp3,2
1,1,0.0563,0.71,0.8,0.0,5,0.0834,-3.4389999999999996,0,0.0339,93.01,4,1,['One More Night'],['Maroon 5'],/home/dhanush/Music/MusicClassify/happy/01 - One More Night (www.SongsLover.pk).mp3,2
2,2,0.0204,0.486,0.7440000000000001,0.00298,6,0.11199999999999999,-7.176,1,0.0404,132.446,4,2,"[""Knockin' On Heaven's Door""]","[""Guns N' Roses""]",/home/dhanush/Music/MusicClassify/happy/05.Knockin' On Heaven's Door.mp3,2
3,3,0.0132,0.42100000000000004,0.8220000000000001,0.0,2,0.092,-4.415,1,0.0542,171.935,4,3,['Summer Paradise'],['Simple Plan'],/home/dhanush/Music/MusicClassify/happy/08-Summer Paradise (Feat. K'naan).mp3,2
4,4,0.17600000000000002,0.752,0.883,0.0,6,0.204,-4.042,1,0.131,123.87100000000001,4,4,['Turn Up the Love'],['Far East Movement'],/home/dhanush/Music/MusicClassify/happy/04 Turn Up the Love (www.SongsLover.com).mp3,2
5,5,0.0183,0.575,0.88,0.0,0,0.379,-1.861,1,0.0579,127.882,4,5,['Never Leave'],['DVBBS'],/home/dhanush/Music/MusicClassify/happy/DVBBS - Never Leave (Official Music Video).mp3,2
6,6,9999.0,9999.0,9999.0,9999.0,9999,9999.0,9999.0,9999,9999.0,9999.0,9999,6,['Outside ft. Ellie Goulding (Savagez Remix)'],['Calvin Harris'],/home/dhanush/Music/MusicClassify/happy/Calvin Harris - Outside ft. Ellie Goulding (Savagez Remix).mp3,2
7,7,9999.0,9999.0,9999.0,9999.0,9999,9999.0,9999.0,9999,9999.0,9999.0,9999,7,['Wild Woman'],['Michael Learns To Rock'],/home/dhanush/Music/MusicClassify/happy/12 Wild Woman.mp3,2
8,8,0.0282,0.6709999999999999,0.9159999999999999,0.00762,6,0.24,-4.013999999999999,0,0.0397,126.01,4,8,['No Money'],['Galantis'],/home/dhanush/Music/MusicClassify/happy/Galantis – No Money (Original Mix).mp3,2
9,9,9999.0,9999.0,9999.0,9999.0,9999,9999.0,9999.0,9999,9999.0,9999.0,9999,9,['Never Been To Spain'],['Jessica Hart'],/home/dhanush/Music/MusicClassify/happy/Jessica Hart - Never Been To Spain.mp3,2
10,10,0.0613,0.337,0.552,0.0,0,0.183,-5.507999999999999,0,0.0387,137.031,4,10,['Steal Your Heart (Culture Code Remix)'],['BRKLYN'],/home/dhanush/Music/MusicClassify/happy/BRKLYN - Steal Your Heart (Culture Code Remix).mp3,2
11,11,0.0267,0.802,0.8059999999999999,0.0,5,0.071,-2.779,1,0.0636,140.017,4,11,"[""Until You're Over Me""]",['Maroon 5'],/home/dhanush/Music/MusicClassify/happy/Until You're Over Me.mp3,2
12,12,9999.0,9999.0,9999.0,9999.0,9999,9999.0,9999.0,9999,9999.0,9999.0,9999,12,['Cold Water (feat. Justin Bieber & MØ)'],['Major Lazer'],/home/dhanush/Music/MusicClassify/happy/Cold Water (feat. Justin Bieber & MØ).mp3,2
13,13,0.0292,0.662,0.873,0.0,0,0.22399999999999998,-3.116,0,0.0395,129.90200000000002,4,13,['Where Them Girls At - Feat. Flo Rida & Nicki Minaj'],['David Guetta'],/home/dhanush/Music/MusicClassify/happy/Where Them Girls At (feat. Flo Rida and Nicki Minaj).mp3,2
14,14,0.05,0.534,0.711,0.0031,10,0.135,-5.9270000000000005,0,0.0368,128.102,4,14,['Forbidden Voices'],['Martin Garrix'],/home/dhanush/Music/MusicClassify/happy/01 Forbidden Voices.mp3,2
15,15,0.0038,0.63,0.753,0.0,1,0.191,-4.621,0,0.0305,123.964,4,15,['Love'],['American Authors'],/home/dhanush/Music/MusicClassify/happy/08 Love.mp3,2
16,16,0.000239,0.457,0.904,0.0879,2,0.396,-5.303,1,0.0747,141.03799999999998,4,16,['Shoot To Thrill'],['AC/DC'],/home/dhanush/Music/MusicClassify/happy/Shoot To Thrill.mp3,2
17,17,0.13,0.7929999999999999,0.775,0.0,6,0.0945,-4.33,0,0.0351,125.00299999999999,4,17,['Feel You'],['Jacob Tillberg'],/home/dhanush/Music/MusicClassify/happy/Jacob Tillberg - Feel You.mp3,2
18,18,9999.0,9999.0,9999.0,9999.0,9999,9999.0,9999.0,9999,9999.0,9999.0,9999,18,['I Wanna Know (feat. Nico & Vin'],['Alesso'],/home/dhanush/Music/MusicClassify/happy/Alesso - I Wanna Know (feat. Nico & Vinz).mp3,2
19,19,9999.0,9999.0,9999.0,9999.0,9999,9999.0,9999.0,9999,9999.0,9999.0,9999,19,"[""I'm An Albatraoz""]",['Aron Chupa'],/home/dhanush/Music/MusicClassify/happy/Aron Chupa - Im An Albatraoz.mp3,2
20,20,9999.0,9999.0,9999.0,9999.0,9999,9999.0,9999.0,9999,9999.0,9999.0,9999,20,['Undone'],['Jane XØ x Dannic'],/home/dhanush/Music/MusicClassify/happy/Jane XØ x Dannic - Undone.mp3,2
21,21,0.0553,0.67,0.935,0.0,9,0.41200000000000003,-2.0380000000000003,1,0.0435,127.95200000000001,4,21,['I Can Only Imagine'],['David Guetta'],/home/dhanush/Music/MusicClassify/happy/I Can Only Imagine (feat. Chris Brown and Lil Wayne).mp3,2
22,22,0.141,0.449,0.9009999999999999,0.0675,6,0.128,-7.711,1,0.0526,125.148,4,22,"[""Sweet Child O' Mine""]","[""Guns N' Roses""]",/home/dhanush/Music/MusicClassify/happy/02.Sweet Child O' Mine.mp3,2
23,23,9999.0,9999.0,9999.0,9999.0,9999,9999.0,9999.0,9999,9999.0,9999.0,9999,23,['Sex'],['Cheat Codes & Kriss Kross Amsterdam'],/home/dhanush/Music/MusicClassify/happy/Cheat Codes & Kriss Kross Amsterdam - Sex (Edit).mp3,2
24,24,0.0666,0.703,0.7859999999999999,0.0,8,0.5529999999999999,-2.2430000000000003,1,0.0561,127.954,4,24,['Turn Me On'],['David Guetta'],/home/dhanush/Music/MusicClassify/happy/Turn Me On (feat. Nicki Minaj).mp3,2
25,25,0.011000000000000001,0.31,0.7,0.00965,9,0.0828,-5.678,1,0.047,188.386,4,25,['Back In Black'],['ACDC'],/home/dhanush/Music/MusicClassify/happy/Back In Black.mp3,2
26,26,0.0125,0.7240000000000001,0.7609999999999999,0.0,11,0.36,-4.158,0,0.0463,128.03799999999998,4,26,['Moves Like Jagger (Feat. Christina Aguilera)'],['Maroon 5'],/home/dhanush/Music/MusicClassify/happy/Moves Like Jagger (feat. Christina Aguilera).mp3,2
27,27,0.037000000000000005,0.667,0.877,0.0,0,0.326,-4.1160000000000005,1,0.0372,101.999,4,27,['Ghost'],['American Authors'],/home/dhanush/Music/MusicClassify/happy/10 Ghost.mp3,2
28,28,9999.0,9999.0,9999.0,9999.0,9999,9999.0,9999.0,9999,9999.0,9999.0,9999,28,['Close (feat. Molly Ann)'],['IZECOLD'],/home/dhanush/Music/MusicClassify/happy/IZECOLD - Close (feat. Molly Ann).mp3,2
29,29,9999.0,9999.0,9999.0,9999.0,9999,9999.0,9999.0,9999,9999.0,9999.0,9999,29,['Every Tear Drop Is A Waterfall'],['Coldplay'],/home/dhanush/Music/MusicClassify/happy/Every Tear Drop Is A Waterfall.mp3,2
30,30,9999.0,9999.0,9999.0,9999.0,9999,9999.0,9999.0,9999,9999.0,9999.0,9999,30,['Five More Hours'],['Deorro & Chris Brown'],/home/dhanush/Music/MusicClassify/happy/Deorro X Chris Brown - Five More Hours.mp3,2
31,31,0.00115,0.636,0.7340000000000001,0.00033,10,0.0923,-8.946,1,0.0311,124.016,4,31,['Angel Eyes'],['Michael Learns To Rock'],/home/dhanush/Music/MusicClassify/happy/01 Angel Eyes.mp3,2
32,32,9999.0,9999.0,9999.0,9999.0,9999,9999.0,9999.0,9999,9999.0,9999.0,9999,32,['Summer (Club Killers & Dropwizz Trap Remix)'],['Calvin Harris'],/home/dhanush/Music/MusicClassify/happy/Calvin Harris - Summer (Club Killers & Dropwizz Trap Remix).mp3,2
33,33,0.0552,0.449,0.76,1.4400000000000001e-05,10,0.11800000000000001,-7.531000000000001,1,0.11599999999999999,159.77700000000002,4,33,['Sleepwalker (feat. Joni Fatora)'],['Illenium'],/home/dhanush/Music/MusicClassify/happy/Illenium - Sleepwalker (feat. Joni Fatora).mp3,2
34,34,0.0633,0.6409999999999999,0.794,0.0,8,0.0913,-6.0,0,0.321,124.98299999999999,4,34,['A Dream'],['Jacob Tillberg'],/home/dhanush/Music/MusicClassify/happy/Jacob Tillberg - A Dream.mp3,2
35,35,9999.0,9999.0,9999.0,9999.0,9999,9999.0,9999.0,9999,9999.0,9999.0,9999,35,['SummerThing! (feat. Mike Taylor)'],['Afrojack'],/home/dhanush/Music/MusicClassify/happy/Afrojack Ft. Mike Taylor - SummerThing!.mp3,2
36,36,0.00205,0.638,0.924,0.000173,7,0.149,-3.887,1,0.0359,111.995,4,36,['Adventure Of A Lifetime'],['Coldplay'],/home/dhanush/Music/MusicClassify/happy/05. Adventure Of A Lifetime.mp3,2
37,37,9999.0,9999.0,9999.0,9999.0,9999,9999.0,9999.0,9999,9999.0,9999.0,9999,37,['Whole Heart'],['Gryffin and Bipolar Sunshine'],/home/dhanush/Music/MusicClassify/happy/Gryffin and Bipolar Sunshine - Whole Heart.mp3,2
38,38,9999.0,9999.0,9999.0,9999.0,9999,9999.0,9999.0,9999,9999.0,9999.0,9999,38,['Set Me Free (feat. LIZ)'],['Diplo'],/home/dhanush/Music/MusicClassify/happy/Diplo - Set Me Free (feat. LIZ) [pleer.com].mp3,2
39,39,0.0569,0.735,0.66,0.0,0,0.203,-3.908,1,0.0291,128.007,4,39,['Nothing Really Matters'],['David Guetta'],/home/dhanush/Music/MusicClassify/happy/Nothing Really Matters (feat. Will.i.am).mp3,2
40,40,0.0326,0.445,0.955,0.284,8,0.317,-8.027000000000001,1,0.0856,123.34299999999999,4,40,['Welcome To The Jungle'],"[""Guns N' Roses""]",/home/dhanush/Music/MusicClassify/happy/01.Welcome To The Jungle.mp3,2
41,41,0.0101,0.741,0.7040000000000001,0.0,10,0.18600000000000003,-5.803,0,0.0439,128.02100000000002,4,41,['Night Of Your Life'],['David Guetta'],/home/dhanush/Music/MusicClassify/happy/Night Of Your Life (feat. Jennifer Hudson).mp3,2
42,42,0.007379999999999999,0.35200000000000004,0.843,0.0,7,0.0883,-7.983,0,0.48200000000000004,165.29,5,42,['Like a G6'],['Far East Movement'],/home/dhanush/Music/MusicClassify/happy/15 Like a G6 (www.SongsLover.com).mp3,2
43,43,0.408,0.486,0.652,6.63e-05,11,0.077,-7.226,0,0.052000000000000005,113.055,4,43,['Firestone'],['Kygo'],/home/dhanush/Music/MusicClassify/happy/30. Kygo - Firestone (Feat. Conrad).mp3,2
44,44,0.0591,0.573,0.9129999999999999,0.00173,6,0.156,-4.793,0,0.132,115.715,4,44,['Highway To Hell'],['AC-DC'],/home/dhanush/Music/MusicClassify/happy/Highway To Hell.mp3,2
45,45,0.0158,0.8,0.804,1.77e-06,4,0.13,-4.158,0,0.0305,119.99600000000001,4,45,['Tickets'],['Maroon 5'],/home/dhanush/Music/MusicClassify/happy/10 - Tickets (www.SongsLover.pk).mp3,2
46,46,0.0214,0.27399999999999997,0.9490000000000001,0.00778,11,0.218,-8.642000000000001,1,0.0896,100.346,4,46,['Paradise City'],"[""Guns N' Roses""]",/home/dhanush/Music/MusicClassify/happy/04.Paradise City.mp3,2
47,47,0.0629,0.6729999999999999,0.902,0.000174,2,0.0552,-2.378,1,0.0347,100.016,4,47,['Best Day of My Life'],['American Authors'],/home/dhanush/Music/MusicClassify/happy/03 Best Day of My Life.mp3,2
48,48,0.021,0.495,0.831,4.79e-05,5,0.495,-5.812,0,0.0319,128.064,5,48,"[""Now That I've Found You (feat. John & Michel)""]",['Martin Garrix'],/home/dhanush/Music/MusicClassify/happy/01 Now That I've Found You (feat. John & Michel).mp3,2
49,49,0.0313,0.43,0.955,0.218,7,0.247,-2.509,1,0.0381,199.917,4,49,['Ocean Eyes (GOLDHOUSE Remix)'],['Billie Eilish'],/home/dhanush/Music/MusicClassify/happy/Billie Eilish - Ocean Eyes (GOLDHOUSE Remix).mp3,2
50,50,9999.0,9999.0,9999.0,9999.0,9999,9999.0,9999.0,9999,9999.0,9999.0,9999,50,['Hey (feat. Afrojack)'],['Fais'],/home/dhanush/Music/MusicClassify/happy/Fais - Hey (feat. Afrojack).mp3,2
51,51,0.28600000000000003,0.7190000000000001,0.809,0.0,6,0.081,-4.678999999999999,1,0.182,125.072,4,51,['Ghosts'],['Jacob Tillberg'],/home/dhanush/Music/MusicClassify/happy/Jacob Tillberg - Ghosts.mp3,2
52,52,9999.0,9999.0,9999.0,9999.0,9999,9999.0,9999.0,9999,9999.0,9999.0,9999,52,"['Dimitri Vegas, Moguai & Like Mike-Body Talk (Feat. Julian Perretta) (Extended Mix)']","['Dimitri Vegas, Moguai & Like Mike']","/home/dhanush/Music/MusicClassify/happy/Dimitri Vegas, Moguai & Like Mike-Body Talk (Feat. Julian Perretta) (Extended Mix).mp3",2
53,53,0.00054,0.601,0.945,0.0,2,0.314,-2.516,0,0.0671,125.98,4,53,['On & On'],['GOLDHOUSE'],/home/dhanush/Music/MusicClassify/happy/GOLDHOUSE - On & On.mp3,2
54,54,0.217,0.675,0.885,0.0,1,0.086,-4.4319999999999995,0,0.0436,97.03,4,54,"['Hey, Soul Sister']",['Train'],"/home/dhanush/Music/MusicClassify/happy/02  Train - Hey, Soul Sister.mp3",2
55,55,9999.0,9999.0,9999.0,9999.0,9999,9999.0,9999.0,9999,9999.0,9999.0,9999,55,['Never Wanna Leave (feat. Stevyn)'],['Dytone'],/home/dhanush/Music/MusicClassify/happy/Dytone - Never Wanna Leave (feat. Stevyn).mp3,2
56,56,0.00499,0.634,0.7240000000000001,0.000193,5,0.0732,-5.8420000000000005,0,0.0546,148.024,4,56,"['Revolution (feat. Imanos, Faustix & Kai)']",['Diplo'],"/home/dhanush/Music/MusicClassify/happy/02 Revolution (feat. Imanos, Faustix & Kai).mp3",2
57,57,0.00144,0.581,0.968,0.0238,1,0.161,-2.92,1,0.0373,120.00399999999999,4,57,['Believer'],['American Authors'],/home/dhanush/Music/MusicClassify/happy/01 Believer.mp3,2
58,58,0.166,0.6659999999999999,0.8190000000000001,0.0,4,0.261,-6.053,0,0.0466,95.999,4,58,['Rocketeer'],['Far East Movement'],/home/dhanush/Music/MusicClassify/happy/16 Rocketeer (feat. Ryan Tedder) (www.SongsLover.com).mp3,2
59,59,9999.0,9999.0,9999.0,9999.0,9999,9999.0,9999.0,9999,9999.0,9999.0,9999,59,['How Deep Is Your Love (T-Mass & Ellusive Remix)'],['Calvin Harris & Disciples'],/home/dhanush/Music/MusicClassify/happy/Calvin Harris & Disciples - How Deep Is Your Love (T-Mass & Ellusive Remix).mp3,2
60,60,9999.0,9999.0,9999.0,9999.0,9999,9999.0,9999.0,9999,9999.0,9999.0,9999,60,['Let Me Hold You (Turn Me On)'],['Cheat Codes & Dante Klein [mp3-crazy.com]'],/home/dhanush/Music/MusicClassify/happy/Cheat Codes & Dante Klein - Let Me Hold You (Turn Me On) (Original Mix) [pesnik.su].mp3,2
61,61,0.0663,0.544,0.899,0.0,10,0.35100000000000003,-3.903,0,0.158,120.96700000000001,4,61,['Take My Breath Away'],['Alesso'],/home/dhanush/Music/MusicClassify/happy/Alesso - Take My Breath Away.mp3,2
62,62,9999.0,9999.0,9999.0,9999.0,9999,9999.0,9999.0,9999,9999.0,9999.0,9999,62,['Follow Me'],['Hardwell & Jason Derulo'],/home/dhanush/Music/MusicClassify/happy/Hardwell & Jason Derulo - Follow Me.mp3,2
63,63,9999.0,9999.0,9999.0,9999.0,9999,9999.0,9999.0,9999,9999.0,9999.0,9999,63,['Like A G6'],['Far East Movement feat. The Cataracs'],/home/dhanush/Music/MusicClassify/happy/far east movement feat.The cataracs-Like a g6.mp3,2
64,64,0.0121,0.607,0.9359999999999999,0.0418,4,0.309,-3.071,1,0.033,117.303,4,64,['Bigger Than My Body'],['John Mayer'],/home/dhanush/Music/MusicClassify/happy/John Mayer - Heavier Things - 02 - Bigger Than My Body.mp3,2
65,65,0.0208,0.396,0.6940000000000001,0.000386,0,0.111,-4.479,1,0.0459,85.7,4,65,['Reverie (feat. King Deco)'],['Illenium'],/home/dhanush/Music/MusicClassify/happy/01 Reverie (feat. King Deco).mp3,2
66,66,9999.0,9999.0,9999.0,9999.0,9999,9999.0,9999.0,9999,9999.0,9999.0,9999,66,"['GFDR (feat. Sage, The Gemini and Lookas)']",['Flo Rida'],/home/dhanush/Music/MusicClassify/happy/Flo Rida - GDFR (ft. Sage The Gemini and Lookas).mp3,2
67,67,0.00041600000000000003,0.698,0.828,0.0,4,0.2,-4.7989999999999995,0,0.0445,102.971,4,67,['Misery'],['Maroon 5'],/home/dhanush/Music/MusicClassify/happy/Misery.mp3,2
68,68,9999.0,9999.0,9999.0,9999.0,9999,9999.0,9999.0,9999,9999.0,9999.0,9999,68,['Broken Arrows (CDQ)'],['Avicii Ft. Zac Brown Band'],/home/dhanush/Music/MusicClassify/happy/Avicii Ft. Zac Brown Band - Broken Arrows .mp3,2
69,69,0.0218,0.527,0.902,1.97e-06,2,0.113,-5.346,1,0.035,82.014,4,69,['Someday'],['Michael Learns to Rock'],/home/dhanush/Music/MusicClassify/happy/07 Someday.mp3,2
70,70,0.465,0.619,0.43700000000000006,0.00609,7,0.0971,-11.755999999999998,1,0.0314,89.51100000000001,4,0,['Stop This Train'],['John Mayer'],/home/dhanush/Music/MusicClassify/sadness/07 - Stop This Train.mp3,3
71,71,9999.0,9999.0,9999.0,9999.0,9999,9999.0,9999.0,9999,9999.0,9999.0,9999,1,['You Make Me Wanna'],['Blue'],/home/dhanush/Music/MusicClassify/sadness/You know u make me wanna!.mp3,3
72,72,0.0023899999999999998,0.429,0.6609999999999999,0.00013000000000000002,11,0.23399999999999999,-7.227,1,0.0281,173.365,4,2,['Yellow'],['Coldplay'],/home/dhanush/Music/MusicClassify/sadness/Yellow.mp3,3
73,73,0.0642,0.743,0.53,0.0,7,0.36,-6.61,1,0.0329,96.99600000000001,4,3,['Must Get Out'],['Maroon 5'],/home/dhanush/Music/MusicClassify/sadness/Must Get Out.mp3,3
74,74,0.0593,0.695,0.684,0.0,0,0.125,-5.403,0,0.0288,102.041,4,4,['She Will Be Loved'],['Maroon 5'],/home/dhanush/Music/MusicClassify/sadness/She Will Be Loved.mp3,3
75,75,0.34299999999999997,0.46,0.622,0.0,0,0.124,-3.239,1,0.0293,79.81,4,5,['Better That We Break'],['Maroon 5'],/home/dhanush/Music/MusicClassify/sadness/Better That We Break.mp3,3
76,76,0.0742,0.309,0.76,0.000118,0,0.444,-5.3629999999999995,1,0.0386,139.36,4,6,['Amazing'],['Aerosmith'],/home/dhanush/Music/MusicClassify/sadness/Aerosmith_ Amazing.mp3,3
77,77,0.306,0.43200000000000005,0.742,0.0,10,0.127,-6.081,1,0.0304,154.158,4,7,['Calling Out Your Name'],['James Blunt'],/home/dhanush/Music/MusicClassify/sadness/Calling Out Your Name.mp3,3
78,78,0.0222,0.35,0.5720000000000001,0.0214,5,0.146,-8.399,1,0.0253,93.01299999999999,4,8,['Miracles'],['Coldplay'],/home/dhanush/Music/MusicClassify/sadness/12. Miracles.mp3,3
79,79,0.267,0.584,0.509,0.00252,2,0.36,-13.109000000000002,1,0.0287,90.45700000000001,4,9,['Who Says'],['John Mayer'],/home/dhanush/Music/MusicClassify/sadness/04 Who Says.mp3,3
80,80,0.163,0.209,0.418,0.00195,3,0.113,-8.74,1,0.0338,138.265,4,10,['Fix You'],['Coldplay'],/home/dhanush/Music/MusicClassify/sadness/Coldplay - Fix You.mp3,3
81,81,0.0571,0.6709999999999999,0.529,0.0,3,0.10800000000000001,-5.0089999999999995,1,0.0246,136.07,4,11,['Nothing To Lose'],['Michael Learns To Rock'],/home/dhanush/Music/MusicClassify/sadness/05 Nothing To Lose.mp3,3
82,82,0.392,0.48200000000000004,0.55,0.0208,9,0.111,-4.485,1,0.0267,114.435,3,12,['Come Back To Bed'],['John Mayer'],/home/dhanush/Music/MusicClassify/sadness/John Mayer - Heavier Things - 05 - Come Back To Bed.mp3,3
83,83,0.551,0.5820000000000001,0.395,0.000118,10,0.258,-8.279,1,0.0274,117.179,4,13,['Wheel'],['John Mayer'],/home/dhanush/Music/MusicClassify/sadness/John Mayer - Heavier Things - 10 - Wheel.mp3,3
84,84,0.0186,0.5710000000000001,0.622,3.53e-06,2,0.11900000000000001,-4.447,1,0.0245,142.05,4,14,['Paint My Love'],['Michael Learns To Rock'],/home/dhanush/Music/MusicClassify/sadness/15 Paint My Love.mp3,3
85,85,0.0557,0.632,0.8220000000000001,0.00048499999999999997,5,0.145,-5.737,1,0.0281,115.113,4,15,"[""Janie's got a gun""]",['Aerosmith'],/home/dhanush/Music/MusicClassify/sadness/Aerosmith - Janie's got a gun.mp3,3
86,86,9999.0,9999.0,9999.0,9999.0,9999,9999.0,9999.0,9999,9999.0,9999.0,9999,16,['Angle'],['Aerosmith'],/home/dhanush/Music/MusicClassify/sadness/Aerosmith_ Angle.mp3,3
87,87,0.0621,0.579,0.597,0.0,2,0.27399999999999997,-4.942,0,0.0247,164.02200000000002,4,17,"[""I'm Gonna Be Around""]",['Michael Learns To Rock'],/home/dhanush/Music/MusicClassify/sadness/17 I'm Gonna Be Around.mp3,3
88,88,0.0228,0.5,0.8440000000000001,0.00398,10,0.455,-5.882999999999999,1,0.0369,123.727,4,18,['The Hardest Part'],['Coldplay'],/home/dhanush/Music/MusicClassify/sadness/The Hardest Part.mp3,3
89,89,0.0652,0.72,0.6679999999999999,0.006640000000000001,9,0.0789,-7.928,1,0.0269,123.007,4,19,['1973'],['James Blunt'],/home/dhanush/Music/MusicClassify/sadness/1973.mp3,3
90,90,0.354,0.763,0.428,0.0889,6,0.106,-13.485999999999999,0,0.032,117.93799999999999,4,20,['War Of My Life'],['John Mayer'],/home/dhanush/Music/MusicClassify/sadness/08 War Of My Life.mp3,3
91,91,0.00295,0.44299999999999995,0.631,0.00324,8,0.106,-8.568,0,0.0326,124.212,4,21,"[""Don't Cry (Original)""]","[""Guns N' Roses""]",/home/dhanush/Music/MusicClassify/sadness/08.Don't Cry (Original).mp3,3
92,92,0.0219,0.502,0.574,0.0,6,0.10400000000000001,-5.7860000000000005,1,0.0259,163.025,4,22,['25 Minutes'],['Michael Learns to Rock'],/home/dhanush/Music/MusicClassify/sadness/09 25 Minutes.mp3,3
93,93,0.142,0.675,0.764,0.0,1,0.11699999999999999,-6.242999999999999,1,0.0373,120.009,4,23,['Love Somebody'],['Maroon 5'],/home/dhanush/Music/MusicClassify/sadness/06 - Love Somebody (www.SongsLover.pk).mp3,3
94,94,0.0799,0.568,0.782,0.0,6,0.0985,-5.968,1,0.0396,141.942,4,24,['drowning'],['Backstreet Boys'],/home/dhanush/Music/MusicClassify/sadness/drowning.mp3,3
95,95,0.191,0.624,0.5539999999999999,0.00131,2,0.299,-8.113,1,0.0225,97.031,4,25,['Heartbreak Warfare'],['John Mayer'],/home/dhanush/Music/MusicClassify/sadness/01 Heartbreak Warfare.mp3,3
96,96,0.0879,0.595,0.675,0.0,0,0.12,-6.696000000000001,1,0.035,134.08,4,26,['This Is Us'],['Backstreet Boys'],/home/dhanush/Music/MusicClassify/sadness/Backstreet Boys - This Is Us.mp3,3
97,97,0.203,0.669,0.6729999999999999,0.0271,7,0.16399999999999998,-9.754,1,0.0248,132.68,4,27,"[""Lyin' Eyes""]",['Eagles'],/home/dhanush/Music/MusicClassify/sadness/076 Lyin_ Eyes.mp3,3
98,98,9999.0,9999.0,9999.0,9999.0,9999,9999.0,9999.0,9999,9999.0,9999.0,9999,28,['Show Me The Meaning Of Being L'],['Backstreet Boys'],/home/dhanush/Music/MusicClassify/sadness/show me the meaning of beeing lonely.mp3,3
99,99,0.28800000000000003,0.5589999999999999,0.51,5.31e-05,5,0.242,-8.294,0,0.0247,129.881,4,29,['All We Ever Do Is Say Goodbye'],['John Mayer'],/home/dhanush/Music/MusicClassify/sadness/02 All We Ever Do Is Say Goodbye.mp3,3
100,100,0.293,0.701,0.569,1.7199999999999998e-05,0,0.0703,-6.587000000000001,1,0.0272,80.186,4,30,['The Actor'],['Michael Learns To Rock'],/home/dhanush/Music/MusicClassify/sadness/04 The Actor.mp3,3
101,101,0.456,0.535,0.445,0.0677,4,0.11199999999999999,-9.155,1,0.0292,146.099,4,31,['Everglow'],['Coldplay'],/home/dhanush/Music/MusicClassify/sadness/04. Everglow.mp3,3
102,102,0.18899999999999997,0.561,0.547,0.00157,11,0.17,-7.496,0,0.0321,139.755,4,32,['Trouble'],['Coldplay'],/home/dhanush/Music/MusicClassify/sadness/Trouble.mp3,3
103,103,0.818,0.517,0.344,0.00809,9,0.0763,-9.925,1,0.0303,75.285,3,33,"[""I'm Gonna Find Another You""]",['John Mayer'],/home/dhanush/Music/MusicClassify/sadness/12 - I'm Gonna Find Another You.mp3,3
104,104,0.887,0.5379999999999999,0.317,0.424,4,0.11199999999999999,-15.237,0,0.0299,79.929,4,34,['Do You Know Me'],['John Mayer'],/home/dhanush/Music/MusicClassify/sadness/10 Do You Know Me.mp3,3
105,105,0.6659999999999999,0.381,0.41100000000000003,0.0,10,0.0783,-9.772,0,0.0317,132.91,4,35,['If Time Is All I Have'],['James Blunt'],/home/dhanush/Music/MusicClassify/sadness/If Time Is All I Have.mp3,3
106,106,0.45299999999999996,0.595,0.7559999999999999,0.0,4,0.0989,-4.524,0,0.0304,95.999,4,36,['Nothing Lasts Forever'],['Maroon 5'],/home/dhanush/Music/MusicClassify/sadness/Nothing Last Forever.mp3,3
107,107,0.00238,0.652,0.583,1.51e-06,3,0.0987,-2.779,1,0.0356,167.984,4,37,['Beautiful Goodbye'],['Maroon 5'],/home/dhanush/Music/MusicClassify/sadness/12 - Beautiful Goodbye (www.SongsLover.pk).mp3,3
108,108,0.953,0.43200000000000005,0.261,0.0034200000000000003,4,0.0903,-12.591,1,0.0512,89.56700000000001,4,38,['Goodbye My Lover'],['James Blunt'],/home/dhanush/Music/MusicClassify/sadness/Goodbye My Lover.mp3,3
109,109,0.573,0.6679999999999999,0.361,0.00506,1,0.0805,-8.69,0,0.0273,134.15,5,39,['Slow Dancing In A Burning Room'],['John Mayer'],/home/dhanush/Music/MusicClassify/sadness/08 - Slow Dancing In A Burning Room.mp3,3
110,110,0.00047999999999999996,0.62,0.845,0.0,2,0.0692,-5.937,1,0.0351,139.967,4,40,['The Man Who Never Lied'],['Maroon 5'],/home/dhanush/Music/MusicClassify/sadness/05 - The Man Who Never Lied (www.SongsLover.pk).mp3,3
111,111,0.0258,0.626,0.635,0.0,3,0.20199999999999999,-3.4330000000000003,1,0.0286,112.01,3,41,['Back At Your Door'],['Maroon 5'],/home/dhanush/Music/MusicClassify/sadness/Back At Your Door.mp3,3
112,112,0.305,0.6409999999999999,0.461,8.26e-05,5,0.0982,-8.341000000000001,1,0.0459,88.037,4,42,['Secret'],['Maroon 5'],/home/dhanush/Music/MusicClassify/sadness/Secret.mp3,3
113,113,0.272,0.508,0.72,0.0,11,0.0563,-5.9079999999999995,0,0.0628,79.983,4,43,['Halo'],['Beyonce'],/home/dhanush/Music/MusicClassify/sadness/Beyonce-Halo.mp3,3
114,114,0.00044800000000000005,0.449,0.737,0.0,3,0.10400000000000001,-3.236,1,0.0306,76.993,4,44,['Parachute'],['Train'],/home/dhanush/Music/MusicClassify/sadness/04  Train - Parachute.mp3,3
115,115,0.38799999999999996,0.307,0.433,9.08e-05,1,0.332,-10.057,1,0.028999999999999998,160.9,4,45,['Dream On'],['Aerosmith'],/home/dhanush/Music/MusicClassify/sadness/Aerosmith - Dream On.mp3,3
116,116,0.633,0.675,0.479,1.76e-05,0,0.08800000000000001,-9.87,0,0.0278,81.99799999999999,4,46,"[""You're Beautiful""]",['James Blunt'],/home/dhanush/Music/MusicClassify/sadness/You're Beautiful.mp3,3
117,117,0.326,0.606,0.441,0.0128,9,0.11599999999999999,-9.302999999999999,1,0.0272,66.443,3,47,['Edge Of Desire'],['John Mayer'],/home/dhanush/Music/MusicClassify/sadness/09 Edge Of Desire.mp3,3
118,118,0.0906,0.341,0.867,0.0,6,0.122,-3.8560000000000003,0,0.0402,162.25799999999998,3,48,['Crazy'],['Aerosmith'],/home/dhanush/Music/MusicClassify/sadness/Aerosmith - Crazy.mp3,3
119,119,0.0191,0.584,0.701,0.0,0,0.0676,-4.238,1,0.0247,95.685,4,49,['Home To You'],['Michael Learns To Rock'],/home/dhanush/Music/MusicClassify/sadness/06 Home To You.mp3,3
120,120,0.0266,0.526,0.672,0.013999999999999999,9,0.133,-7.89,1,0.028999999999999998,134.332,4,50,"['Friends, Lovers Or Nothing']",['John Mayer'],"/home/dhanush/Music/MusicClassify/sadness/11 Friends, Lovers Or Nothing.mp3",3
121,121,0.0152,0.728,0.62,0.0,3,0.22699999999999998,-3.735,1,0.0308,110.023,4,51,"[""Won't Go Home Without You""]",['Maroon 5'],/home/dhanush/Music/MusicClassify/sadness/Won't Go Home Without You.mp3,3
122,122,0.23600000000000002,0.65,0.43799999999999994,1.65e-06,3,0.0979,-10.357999999999999,0,0.027000000000000003,122.009,4,52,['Take Me To Your Heart'],['Michael Learns To Rock'],/home/dhanush/Music/MusicClassify/sadness/16 Take Me To Your Heart.mp3,3
123,123,0.14800000000000002,0.611,0.494,0.0,11,0.0958,-5.9879999999999995,1,0.0236,80.089,4,53,['Out Of The Blue'],['Michael Learns To Rock'],/home/dhanush/Music/MusicClassify/sadness/11 Out Of The Blue.mp3,3
124,124,0.34299999999999997,0.6509999999999999,0.6709999999999999,0.0,0,0.11900000000000001,-8.183,1,0.27,90.135,4,54,['Lighters'],['Bad Meets Evil'],/home/dhanush/Music/MusicClassify/sadness/Bad Meets Evil-Lighters Ft.Bruno Mars.mp3,3
125,125,0.731,0.764,0.326,0.0013,7,0.24,-9.883,1,0.0342,123.98,3,55,['Gravity'],['John Mayer'],/home/dhanush/Music/MusicClassify/sadness/04 - Gravity.mp3,3
126,126,9999.0,9999.0,9999.0,9999.0,9999,9999.0,9999.0,9999,9999.0,9999.0,9999,56,['Without U'],['David Guetta'],/home/dhanush/Music/MusicClassify/sadness/Without U (feat. Usher).mp3,3
127,127,0.16399999999999998,0.775,0.816,0.0,0,0.126,-5.534,1,0.0281,98.219,4,57,['As Long As You Love Me'],['Backstreet Boys'],/home/dhanush/Music/MusicClassify/sadness/As long as you love me.mp3,3
128,128,0.348,0.43700000000000006,0.57,1.1400000000000001e-05,8,0.129,-5.6339999999999995,1,0.0265,75.705,4,58,['Best Laid Plans'],['James Blunt'],/home/dhanush/Music/MusicClassify/sadness/Best Laid Plans.mp3,3
129,129,0.466,0.46,0.509,0.000434,10,0.122,-7.666,1,0.0263,77.613,4,59,['Same Mistake'],['James Blunt'],/home/dhanush/Music/MusicClassify/sadness/Same Mistake.mp3,3
130,130,0.0203,0.217,0.628,0.32,11,0.14300000000000002,-9.286,1,0.0306,77.785,4,60,['November Rain'],"[""Guns N' Roses""]",/home/dhanush/Music/MusicClassify/sadness/09.November Rain.mp3,3
131,131,0.00344,0.6579999999999999,0.6509999999999999,0.0,2,0.218,-5.482,1,0.0271,119.991,4,61,['Daylight'],['Maroon 5'],/home/dhanush/Music/MusicClassify/sadness/03 - Daylight (www.SongsLover.pk).mp3,3
132,132,0.0538,0.425,0.588,0.00144,2,0.0697,-6.721,1,0.0293,145.079,4,62,['In Repair'],['John Mayer'],/home/dhanush/Music/MusicClassify/sadness/11 - In Repair.mp3,3
133,133,0.0772,0.5489999999999999,0.518,1.31e-06,7,0.0958,-7.306,0,0.0259,135.056,4,63,['No Tears'],['James Blunt'],/home/dhanush/Music/MusicClassify/sadness/No Tears.mp3,3
134,134,0.958,0.496,0.23800000000000002,0.0109,1,0.0875,-11.026,1,0.0301,175.96,4,64,['The Heart Of Life'],['John Mayer'],/home/dhanush/Music/MusicClassify/sadness/05 - The Heart Of Life.mp3,3
135,135,0.302,0.54,0.643,0.000135,11,0.0881,-9.088,0,0.0485,159.929,4,65,['Assassin'],['John Mayer'],/home/dhanush/Music/MusicClassify/sadness/06 Assassin.mp3,3
136,136,0.0485,0.48,0.718,0.000343,7,0.102,-5.461,1,0.0603,163.987,4,66,['Up&Up'],['Coldplay'],/home/dhanush/Music/MusicClassify/sadness/11. Up&Up.mp3,3
137,137,0.557,0.608,0.35100000000000003,0.00892,0,0.201,-9.316,1,0.03,135.976,4,67,['Dreaming With A Broken Heart'],['John Mayer'],/home/dhanush/Music/MusicClassify/sadness/10 - Dreaming With A Broken Heart.mp3,3
138,138,0.727,0.56,0.442,1.7100000000000002e-05,5,0.11,-7.224,1,0.0243,146.44799999999998,4,68,['The Scientist'],['Coldplay'],/home/dhanush/Music/MusicClassify/sadness/The Scientist.mp3,3
139,139,0.0736,0.7440000000000001,0.51,0.0,2,0.063,-11.366,1,0.0248,92.939,4,69,['Sleeping Child'],['Michael Learns To Rock'],/home/dhanush/Music/MusicClassify/sadness/08 Sleeping Child.mp3,3
140,140,0.00116,0.607,0.804,0.0,9,0.159,-5.209,0,0.0296,139.983,4,70,['Buried Alive'],['Avenged Sevenfold'],/home/dhanush/Music/MusicClassify/sadness/Buried Alive.mp3,3
141,141,0.172,0.6659999999999999,0.713,0.032,2,0.177,-3.551,1,0.0384,94.71,4,71,['Clarity'],['John Mayer'],/home/dhanush/Music/MusicClassify/sadness/John Mayer - Heavier Things - 01 - Clarity.mp3,3
142,142,6.35e-06,0.282,0.97,0.358,7,0.385,-4.086,1,0.18,200.005,4,0,['Parallels'],['As I Lay Dying'],/home/dhanush/Music/MusicClassify/anger/Parallels.mp3,1
143,143,5.15e-05,0.259,0.9740000000000001,0.0106,0,0.305,-4.813,0,0.0994,118.524,4,1,['Lord Abortion'],['Cradle of Filth'],/home/dhanush/Music/MusicClassify/anger/Lord Abortion.mp3,1
144,144,0.000534,0.318,0.91,1.99e-06,0,0.297,-3.9619999999999997,1,0.0773,92.374,4,2,['The Danger In Starting A Fire'],['A Day To Remember'],/home/dhanush/Music/MusicClassify/anger/The Danger In Starting A Fire.mp3,1
145,145,0.00021400000000000002,0.363,0.99,0.000143,7,0.32,-3.202,1,0.0498,98.891,4,3,['Last To Know'],['Bullet For My Valentine'],/home/dhanush/Music/MusicClassify/anger/Last To Know.mp3,1
146,146,1.39e-05,0.475,0.945,0.0017,5,0.106,-4.863,0,0.0887,154.011,4,4,['Anger And Apathy'],['As I Lay Dying'],/home/dhanush/Music/MusicClassify/anger/Anger And Apathy.mp3,1
147,147,0.000246,0.375,0.985,0.0,8,0.07,-2.7539999999999996,1,0.0936,94.46799999999999,4,5,['Hand of Blood'],['Bullet for My Valentine'],/home/dhanush/Music/MusicClassify/anger/Hand of Blood.mp3,1
148,148,0.007909999999999999,0.5329999999999999,0.9670000000000001,0.0,1,0.336,-2.543,1,0.0995,142.018,4,6,['Hero'],['Skillet'],/home/dhanush/Music/MusicClassify/anger/Skillet - Hero.mp3,1
149,149,0.00034700000000000003,0.44,0.9109999999999999,0.0017399999999999998,1,0.18899999999999997,-4.228,1,0.0678,150.02700000000002,4,7,['The Change'],['Evanescence'],/home/dhanush/Music/MusicClassify/anger/03 The Change.mp3,1
150,150,0.0045899999999999995,0.285,0.9079999999999999,2.25e-06,7,0.0955,-3.9989999999999997,0,0.195,168.233,4,8,['Cries in Vain'],['Bullet for My Valentine'],/home/dhanush/Music/MusicClassify/anger/Cries in Vain.mp3,1
151,151,9999.0,9999.0,9999.0,9999.0,9999,9999.0,9999.0,9999,9999.0,9999.0,9999,9,['Too West Coast (ft. WC & Maylay)'],['Ice Cube'],/home/dhanush/Music/MusicClassify/anger/Ice Cube - Too West Coast (ft. WC & Maylay).mp3,1
152,152,9.42e-05,0.41200000000000003,0.927,0.085,5,0.358,-2.8819999999999997,1,0.0554,91.01899999999999,4,10,['Punch Me I Bleed'],['Children of Bodom'],/home/dhanush/Music/MusicClassify/anger/Punch Me I Bleed.mp3,1
153,153,9999.0,9999.0,9999.0,9999.0,9999,9999.0,9999.0,9999,9999.0,9999.0,9999,11,"[""I Won't See You Tonight, Pt. 2""]",['Avenged Sevenfold'],"/home/dhanush/Music/MusicClassify/anger/I Won't See You Tonight, Pt. 2.mp3",1
154,154,0.000359,0.44799999999999995,0.875,0.00109,2,0.255,-5.446000000000001,0,0.0666,92.53,4,12,['Unholy Confessions'],['Avenged Sevenfold'],/home/dhanush/Music/MusicClassify/anger/Unholy Confessions.mp3,1
155,155,1.51e-05,0.496,0.9840000000000001,0.514,7,0.0363,-3.447,1,0.0809,114.941,4,13,['In Your Face'],['Children Of Bodom'],/home/dhanush/Music/MusicClassify/anger/In Your Face.mp3,1
156,156,0.00061,0.475,0.866,0.006540000000000001,2,0.0807,-5.647,0,0.051,139.99200000000002,4,14,['Clairvoyant Disease'],['Avenged Sevenfold'],/home/dhanush/Music/MusicClassify/anger/Clairvoyant Disease.mp3,1
157,157,7.159999999999999e-05,0.428,0.972,0.0736,2,0.0787,-1.9980000000000002,0,0.0666,118.306,4,15,['Hallowed Be Thy Name'],['Cradle Of Filth'],/home/dhanush/Music/MusicClassify/anger/Hallowed Be Thy Name.mp3,1
158,158,6.24e-05,0.363,0.8190000000000001,0.14400000000000002,10,0.10099999999999999,-7.146,1,0.043,164.75,4,16,['And All Things Will End'],['Avenged Sevenfold'],/home/dhanush/Music/MusicClassify/anger/And All Things Will End.mp3,1
159,159,9999.0,9999.0,9999.0,9999.0,9999,9999.0,9999.0,9999,9999.0,9999.0,9999,17,['Oops I Did It Again!'],['Children of Bodom'],/home/dhanush/Music/MusicClassify/anger/Oops!..I did it Again.mp3,1
160,160,3.289999999999999e-05,0.264,0.982,0.0345,2,0.245,-5.774,1,0.0942,115.944,4,18,['Eternal Rest'],['Avenged Sevenfold'],/home/dhanush/Music/MusicClassify/anger/Eternal Rest.mp3,1
161,161,0.0229,0.7120000000000001,0.902,0.0,0,0.0562,-4.204,1,0.218,85.991,4,19,['Going Through Changes'],['Eminem'],/home/dhanush/Music/MusicClassify/anger/06-eminem-going_through_changes.mp3,1
162,162,0.000174,0.42100000000000004,0.8959999999999999,0.039,5,0.32299999999999995,-5.696000000000001,0,0.10300000000000001,174.065,4,20,['Watercolour'],['Pendulum'],/home/dhanush/Music/MusicClassify/anger/03 Watercolour.mp3,1
163,163,0.0238,0.578,0.909,0.0,8,0.258,-3.798,1,0.2,74.985,4,21,['Sink or Swim'],['Falling in Reverse'],/home/dhanush/Music/MusicClassify/anger/Sink Or Swim.mp3,1
164,164,9999.0,9999.0,9999.0,9999.0,9999,9999.0,9999.0,9999,9999.0,9999.0,9999,22,['Shooting Guns'],['50 Cent'],/home/dhanush/Music/MusicClassify/anger/05 - Shooting Guns (www.SongsLover.com).mp3,1
165,165,9999.0,9999.0,9999.0,9999.0,9999,9999.0,9999.0,9999,9999.0,9999.0,9999,23,['Desecrate Through Reverance'],['Avenged Sevenfold'],/home/dhanush/Music/MusicClassify/anger/Desecrate Through Reverance.mp3,1
166,166,0.00066,0.462,0.905,0.0402,0,0.0839,-3.825,0,0.0438,122.925,3,24,['Nymphetamine'],['Cradle Of Filth'],/home/dhanush/Music/MusicClassify/anger/Nymphetamine.mp3,1
167,167,5.44e-06,0.43799999999999994,0.98,0.046,1,0.0845,-4.204,1,0.179,107.505,4,25,['Condemned'],['As I Lay Dying'],/home/dhanush/Music/MusicClassify/anger/Condemned.mp3,1
168,168,0.0431,0.64,0.9570000000000001,0.0,8,0.0789,-2.336,1,0.0741,134.99200000000002,4,26,['Monster'],['Skillet'],/home/dhanush/Music/MusicClassify/anger/Skillet - Monster.mp3,1
169,169,0.004229999999999999,0.381,0.997,6.77e-06,2,0.0917,-3.033,0,0.213,127.91,4,27,['Her Ghost in the Fog'],['Cradle of Filth'],/home/dhanush/Music/MusicClassify/anger/Her Ghost in the Fog.mp3,1
170,170,6.28e-05,0.37,0.981,0.00225,5,0.331,-3.2960000000000003,1,0.0633,155.17700000000002,4,28,['Beast and the Harlot'],['Avenged Sevenfold'],/home/dhanush/Music/MusicClassify/anger/Beast and the Harlot.mp3,1
171,171,1e-05,0.47700000000000004,0.981,0.0226,6,0.125,-3.8569999999999998,0,0.134,134.941,4,29,['Anodyne Sea'],['As I Lay Dying'],/home/dhanush/Music/MusicClassify/anger/Anodyne Sea.mp3,1
172,172,3.96e-05,0.342,0.9259999999999999,0.6829999999999999,7,0.18600000000000003,-6.313,0,0.0939,147.313,4,30,['From The Cradle To Enslave'],['Cradle Of Filth'],/home/dhanush/Music/MusicClassify/anger/From the Cradle to Enslave.mp3,1
173,173,0.000121,0.255,0.99,8.71e-05,2,0.35100000000000003,-3.12,1,0.0927,195.85299999999998,4,31,['Eye Of The Storm'],['Bullet For My Valentine'],/home/dhanush/Music/MusicClassify/anger/Eye Of The Storm.mp3,1
174,174,0.00037999999999999997,0.35200000000000004,0.99,6.31e-06,1,0.0371,-4.276,1,0.165,195.91099999999997,4,32,['We Stitch These Wounds'],['Black Veil Brides'],/home/dhanush/Music/MusicClassify/anger/02 We Stitch These Wounds.mp3,1
175,175,0.000304,0.371,0.978,0.0,3,0.37,-4.188,1,0.0873,199.84099999999998,4,33,['The Plot To Bomb The Panhandle'],['A Day To Remember'],/home/dhanush/Music/MusicClassify/anger/The Plot To Bomb The Panhandle.mp3,1
176,176,1.22e-05,0.294,0.986,0.541,0,0.11800000000000001,-4.947,0,0.096,184.983,4,34,['Second Heartbeat'],['Avenged Sevenfold'],/home/dhanush/Music/MusicClassify/anger/Second Heartbeat.mp3,1
177,177,0.00022999999999999998,0.41600000000000004,0.9309999999999999,0.106,11,0.321,-5.206,0,0.0473,160.043,4,35,['Forgive Me Father (I Have Sinned)'],['Cradle of Filth'],/home/dhanush/Music/MusicClassify/anger/Forgive Me Father (I Have Sinned).mp3,1
178,178,0.000386,0.39399999999999996,0.748,0.21600000000000003,4,0.665,-9.845,0,0.0414,94.964,4,36,['Waking the Fallen'],['Avenged Sevenfold'],/home/dhanush/Music/MusicClassify/anger/Waking the Fallen.mp3,1
179,179,0.0294,0.445,0.885,0.0,2,0.6729999999999999,-3.475,0,0.23600000000000002,105.53299999999999,4,37,['Pick Up the Phone'],['Falling in Reverse'],/home/dhanush/Music/MusicClassify/anger/Pick Up The Phone.mp3,1
180,180,4.29e-06,0.495,0.9670000000000001,0.235,6,0.106,-5.7410000000000005,1,0.0686,114.044,4,38,['The Blinding Of False Light'],['As I Lay Dying'],/home/dhanush/Music/MusicClassify/anger/The Blinding Of False Light.mp3,1
181,181,7.72e-05,0.428,0.9490000000000001,0.0112,7,0.20600000000000002,-6.882999999999999,1,0.0584,89.71,4,39,['Remenissions'],['Avenged Sevenfold'],/home/dhanush/Music/MusicClassify/anger/Remenissions.mp3,1
182,182,7.26e-06,0.45899999999999996,0.956,0.205,8,0.28600000000000003,-2.9960000000000004,1,0.0536,96.0,4,40,['Are You Dead Yet?'],['Children of Bodom'],/home/dhanush/Music/MusicClassify/anger/Are You Dead Yet.mp3,1
183,183,0.00118,0.212,0.9690000000000001,0.000162,0,0.114,-3.6639999999999997,0,0.12300000000000001,91.523,4,41,['Hearts Burst Into Fire'],['Bullet For My Valentine'],/home/dhanush/Music/MusicClassify/anger/Hearts Burst Into Fire.mp3,1
184,184,0.000135,0.32799999999999996,0.9520000000000001,0.0279,2,0.287,-3.903,1,0.13,104.316,4,42,['An Epic of Time Wasted'],['Avenged Sevenfold'],/home/dhanush/Music/MusicClassify/anger/An Epic of Time Wasted.mp3,1
185,185,0.0012,0.345,0.9740000000000001,3.0299999999999998e-05,2,0.36200000000000004,-3.221,0,0.0607,175.02700000000002,4,43,['Burn It Down'],['Avenged Sevenfold'],/home/dhanush/Music/MusicClassify/anger/Burn It Down.mp3,1
186,186,4.56e-06,0.439,0.985,0.0452,6,0.0917,-4.042,1,0.13699999999999998,115.006,4,44,['The Plague'],['As I Lay Dying'],/home/dhanush/Music/MusicClassify/anger/The Plague.mp3,1
187,187,9999.0,9999.0,9999.0,9999.0,9999,9999.0,9999.0,9999,9999.0,9999.0,9999,45,['Niggas Be Scheming'],['50 Cent'],/home/dhanush/Music/MusicClassify/anger/02 - Niggas Be Scheming (www.SongsLover.com).mp3,1
188,188,1.99e-05,0.444,0.9790000000000001,0.00112,7,0.425,-5.409,1,0.166,151.999,4,46,['Upside Down Kingdom'],['As I Lay Dying'],/home/dhanush/Music/MusicClassify/anger/Upside Down Kingdom.mp3,1
189,189,9999.0,9999.0,9999.0,9999.0,9999,9999.0,9999.0,9999,9999.0,9999.0,9999,47,['I Need A Doctor'],"['Dr. Dre ft Eminem, Skylar Grey']",/home/dhanush/Music/MusicClassify/anger/Dr-Dre-ft-Eminem-Skylar-Grey--I-Need-Doctor.mp3,1
190,190,0.000256,0.589,0.8809999999999999,0.0,0,0.327,-4.62,1,0.0666,129.95,4,48,['The Downfall Of Us All'],['A Day To Remember'],/home/dhanush/Music/MusicClassify/anger/The DownFall Of Us ALL.mp3,1
191,191,1.9600000000000002e-05,0.47100000000000003,0.986,0.785,8,0.147,-2.88,1,0.0575,100.03,4,49,['Bastards of Bodom'],['Children of Bodom'],/home/dhanush/Music/MusicClassify/anger/Bastards Of Bodom.mp3,1
192,192,6.25e-06,0.20600000000000002,0.961,0.271,7,0.15,-6.011,0,0.0897,106.514,3,50,['The Only Constant Is Change'],['As I Lay Dying'],/home/dhanush/Music/MusicClassify/anger/The Only Constant Is Change.mp3,1
193,193,0.00010800000000000001,0.574,0.925,0.0659,10,0.214,-5.422999999999999,0,0.0336,135.011,4,51,['Temptation'],['Cradle of Filth'],/home/dhanush/Music/MusicClassify/anger/Temptation.mp3,1
194,194,0.0346,0.368,0.871,0.0,2,0.0599,-3.395,0,0.106,84.585,4,52,['Raised By Wolves'],['Falling in Reverse'],/home/dhanush/Music/MusicClassify/anger/Raised By Wolves.mp3,1
195,195,0.00787,0.5710000000000001,0.929,0.0,11,0.13,-2.627,0,0.0878,121.98299999999999,4,53,['What You Want'],['Evanescence'],/home/dhanush/Music/MusicClassify/anger/01 What You Want.mp3,1
196,196,0.000181,0.355,0.988,5.28e-06,0,0.0423,-2.6069999999999998,0,0.0886,102.10799999999999,4,54,['End Of Days'],['Bullet For My Valentine'],/home/dhanush/Music/MusicClassify/anger/End Of Days.mp3,1
197,197,1.52e-05,0.272,0.9420000000000001,0.00218,6,0.619,-4.877,1,0.14400000000000002,90.875,4,55,['Vacancy'],['As I Lay Dying'],/home/dhanush/Music/MusicClassify/anger/Vacancy.mp3,1
198,198,3.76e-05,0.49,0.975,0.42700000000000005,7,0.48700000000000004,-3.3480000000000003,1,0.129,130.0,4,56,['Living Dead Beat'],['Children of Bodom'],/home/dhanush/Music/MusicClassify/anger/Living Dead Beat.mp3,1
199,199,0.000299,0.507,0.953,0.00035299999999999996,0,0.278,-3.217,1,0.0986,96.04299999999999,4,57,['No Control'],['Bullet for My Valentine'],/home/dhanush/Music/MusicClassify/anger/No Control.mp3,1
200,200,1.3000000000000001e-05,0.162,0.965,0.0029100000000000003,7,0.294,-4.29,1,0.20600000000000002,182.03799999999998,4,58,['Without Conclusion'],['As I Lay Dying'],/home/dhanush/Music/MusicClassify/anger/Without Conclusion.mp3,1
201,201,0.000168,0.41700000000000004,0.992,9.82e-05,7,0.319,-2.9789999999999996,1,0.0876,98.22,4,59,['Disappear'],['Bullet For My Valentine'],/home/dhanush/Music/MusicClassify/anger/Disappear.mp3,1
202,202,5.2600000000000005e-05,0.546,0.903,0.0801,5,0.192,-7.303,1,0.0509,125.03399999999999,4,60,['Radiant Eclipse'],['Avenged Sevenfold'],/home/dhanush/Music/MusicClassify/anger/Radiant Eclipse.mp3,1
203,203,3.79e-05,0.479,0.941,0.1,2,0.126,-6.2829999999999995,0,0.0446,95.999,4,61,['Chapter Four'],['Avenged Sevenfold'],/home/dhanush/Music/MusicClassify/anger/Chapter Four.mp3,1
204,204,7.66e-06,0.462,0.983,0.652,7,0.348,-3.148,1,0.0577,100.024,4,62,['Next In Line'],['Children of Bodom'],/home/dhanush/Music/MusicClassify/anger/Next In Line.mp3,1
205,205,0.0149,0.5479999999999999,0.855,0.0,3,0.127,-3.266,1,0.151,145.13299999999998,4,63,['The Drug In Me is You'],['Falling in Reverse'],/home/dhanush/Music/MusicClassify/anger/The Drug In Me Is You.mp3,1
206,206,0.00022200000000000003,0.377,0.902,0.00555,0,0.397,-5.305,1,0.0776,156.123,4,64,['Forever And Always'],['Bullet For My Valentine'],/home/dhanush/Music/MusicClassify/anger/Forever And Always.mp3,1
207,207,3.87e-06,0.267,0.99,0.307,4,0.22699999999999998,-3.137,0,0.0948,96.76799999999999,4,65,['Breaking Their Hold'],['Avenged Sevenfold'],/home/dhanush/Music/MusicClassify/anger/Breaking Their Hold.mp3,1
208,208,0.0907,0.7290000000000001,0.9079999999999999,0.0,8,0.27899999999999997,-4.345,1,0.27899999999999997,92.399,4,66,['On Fire'],['Eminem'],/home/dhanush/Music/MusicClassify/anger/03-eminem-on_fire.mp3,1
209,209,9999.0,9999.0,9999.0,9999.0,9999,9999.0,9999.0,9999,9999.0,9999.0,9999,67,"[""I Won't See You Tonight, Pt. 1""]",['Avenged Sevenfold'],"/home/dhanush/Music/MusicClassify/anger/I Won't See You Tonight, Pt. 1.mp3",1
210,210,0.0079,0.237,0.802,0.0,0,0.0875,-4.585,0,0.0607,169.968,4,68,['Curses'],['Bullet for My Valentine'],/home/dhanush/Music/MusicClassify/anger/Curses.mp3,1
211,211,0.000248,0.541,0.968,8.28e-06,0,0.423,-4.129,1,0.0396,125.04,4,69,['Bat Country'],['Avenged Sevenfold'],/home/dhanush/Music/MusicClassify/anger/Bat Country.mp3,1
212,212,0.000198,0.457,0.9690000000000001,0.0,8,0.0853,-2.9560000000000004,1,0.0876,98.11399999999999,4,70,['Just Another Star'],['Bullet for My Valentine'],/home/dhanush/Music/MusicClassify/anger/Just Another Star.mp3,1
213,213,9999.0,9999.0,9999.0,9999.0,9999,9999.0,9999.0,9999,9999.0,9999.0,9999,71,['Stop Crying'],['50 Cent'],/home/dhanush/Music/MusicClassify/anger/11 - Stop Crying (www.SongsLover.com).mp3,1
